{"Year":[2012,2010,2012,2014,2016,2018,2010,2011,2012,2013,2014,2015,2016,2017,2018,2019,2010,2011,2012,2013,2014,2015,2016,2010,2012,2013,2014,2015,2016,2017,2018,2019,2015,2016,2017,2018,2019,2010,2012,2014,2015,2016,2017,2018,2019,2010,2011,2012,2013,2014,2015,2016,2017,2018,2010,2011,2012,2013,2014,2015,2016,2017,2018,2019],"\uc9c0\uc5ed":["\ud55c\uad6d","\uc77c\ubcf8","\uc77c\ubcf8","\uc77c\ubcf8","\uc77c\ubcf8","\uc77c\ubcf8","\ubbf8\uad6d","\ubbf8\uad6d","\ubbf8\uad6d","\ubbf8\uad6d","\ubbf8\uad6d","\ubbf8\uad6d","\ubbf8\uad6d","\ubbf8\uad6d","\ubbf8\uad6d","\ubbf8\uad6d","\uce90\ub098\ub2e4","\uce90\ub098\ub2e4","\uce90\ub098\ub2e4","\uce90\ub098\ub2e4","\uce90\ub098\ub2e4","\uce90\ub098\ub2e4","\uce90\ub098\ub2e4","\ud638\uc8fc","\ud638\uc8fc","\ud638\uc8fc","\ud638\uc8fc","\ud638\uc8fc","\ud638\uc8fc","\ud638\uc8fc","\ud638\uc8fc","\ud638\uc8fc","\ud504\ub791\uc2a4","\ud504\ub791\uc2a4","\ud504\ub791\uc2a4","\ud504\ub791\uc2a4","\ud504\ub791\uc2a4","\ub3c5\uc77c","\ub3c5\uc77c","\ub3c5\uc77c","\ub3c5\uc77c","\ub3c5\uc77c","\ub3c5\uc77c","\ub3c5\uc77c","\ub3c5\uc77c","\uc601\uad6d","\uc601\uad6d","\uc601\uad6d","\uc601\uad6d","\uc601\uad6d","\uc601\uad6d","\uc601\uad6d","\uc601\uad6d","\uc601\uad6d","\uc2a4\uc6e8\ub374","\uc2a4\uc6e8\ub374","\uc2a4\uc6e8\ub374","\uc2a4\uc6e8\ub374","\uc2a4\uc6e8\ub374","\uc2a4\uc6e8\ub374","\uc2a4\uc6e8\ub374","\uc2a4\uc6e8\ub374","\uc2a4\uc6e8\ub374","\uc2a4\uc6e8\ub374"],"Value":[8.8,20.8,17.5,19.7,17.2,19.2,32.3,32.9,31.7,30.9,30.5,29.4,28.8,28.0,28.1,26.8,22.8,22.3,22.9,20.8,19.0,21.5,20.3,17.9,19.3,19.1,16.3,17.9,18.8,19.8,20.1,15.1,10.4,10.7,10.2,9.7,10.3,10.4,10.1,9.0,13.0,10.6,9.5,9.7,8.4,28.16727459,24.67534393,19.27239746,22.39738107,24.0574345,21.84689492,22.78809249,21.62575126,27.55664587,28.75666618,27.00615227,17.47259349,18.59073043,18.04148555,22.93403,20.77972144,22.92553633,21.6593653,22.1]}