{"data":{"Year":[2013,2014,2015,2016,2017,2018,2019,2020,2013,2014,2015,2016,2017,2018,2019,2020,2013,2014,2015,2016,2017,2018,2019,2020,2013,2014,2015,2016,2017,2018,2019,2020,2013,2014,2015,2016,2017,2018,2019,2020,2013,2014,2015,2016,2017,2018,2019,2020,2013,2014,2015,2016,2017,2018,2019,2020,2013,2014,2015,2016,2017,2018,2019,2020],"\uc9c0\uc5ed":["0.\uc804\uad6d","0.\uc804\uad6d","0.\uc804\uad6d","0.\uc804\uad6d","0.\uc804\uad6d","0.\uc804\uad6d","0.\uc804\uad6d","0.\uc804\uad6d","1.\uc218\ub3c4\uad8c","1.\uc218\ub3c4\uad8c","1.\uc218\ub3c4\uad8c","1.\uc218\ub3c4\uad8c","1.\uc218\ub3c4\uad8c","1.\uc218\ub3c4\uad8c","1.\uc218\ub3c4\uad8c","1.\uc218\ub3c4\uad8c","2.\ucda9\uccad\uad8c","2.\ucda9\uccad\uad8c","2.\ucda9\uccad\uad8c","2.\ucda9\uccad\uad8c","2.\ucda9\uccad\uad8c","2.\ucda9\uccad\uad8c","2.\ucda9\uccad\uad8c","2.\ucda9\uccad\uad8c","3.\ud638\ub0a8\uad8c","3.\ud638\ub0a8\uad8c","3.\ud638\ub0a8\uad8c","3.\ud638\ub0a8\uad8c","3.\ud638\ub0a8\uad8c","3.\ud638\ub0a8\uad8c","3.\ud638\ub0a8\uad8c","3.\ud638\ub0a8\uad8c","4.\ub300\uacbd\uad8c","4.\ub300\uacbd\uad8c","4.\ub300\uacbd\uad8c","4.\ub300\uacbd\uad8c","4.\ub300\uacbd\uad8c","4.\ub300\uacbd\uad8c","4.\ub300\uacbd\uad8c","4.\ub300\uacbd\uad8c","5.\ub3d9\ub0a8\uad8c","5.\ub3d9\ub0a8\uad8c","5.\ub3d9\ub0a8\uad8c","5.\ub3d9\ub0a8\uad8c","5.\ub3d9\ub0a8\uad8c","5.\ub3d9\ub0a8\uad8c","5.\ub3d9\ub0a8\uad8c","5.\ub3d9\ub0a8\uad8c","6.\uac15\uc6d0\uad8c","6.\uac15\uc6d0\uad8c","6.\uac15\uc6d0\uad8c","6.\uac15\uc6d0\uad8c","6.\uac15\uc6d0\uad8c","6.\uac15\uc6d0\uad8c","6.\uac15\uc6d0\uad8c","6.\uac15\uc6d0\uad8c","7.\uc81c\uc8fc\uad8c","7.\uc81c\uc8fc\uad8c","7.\uc81c\uc8fc\uad8c","7.\uc81c\uc8fc\uad8c","7.\uc81c\uc8fc\uad8c","7.\uc81c\uc8fc\uad8c","7.\uc81c\uc8fc\uad8c","7.\uc81c\uc8fc\uad8c"],"Value":[1.92,1.47,1.5,1.51,1.53,1.54,1.54,1.6,1.880346566,1.377758861,1.383447924,1.401955882,1.436270699,1.461395973,1.473440136,1.509538674,2.231073735,1.734285553,1.768368164,1.769177037,1.768898385,1.772777158,1.76733816,1.764741283,2.472138737,1.962345606,1.976466078,1.992511909,2.006489987,2.017545548,2.027837866,2.049498154,1.875636401,1.476429244,1.539258794,1.573267022,1.593819453,1.600413532,1.617979755,1.639829792,2.223886054,1.734700059,1.777136525,1.799365587,1.810744702,1.829164168,1.852404699,1.886570425,2.3,1.92,1.92,1.93,1.96,1.95,1.95,1.9,5.13,3.01,2.98,2.95,2.91,2.89,2.88,2.9]},"edges":[]}